<settings>
    <audiocds>
        <autoaction default="true">0</autoaction>
        <ejectonrip default="true">true</ejectonrip>
        <encoder default="true">audioencoder.xbmc.builtin.wav</encoder>
        <recordingpath default="true"></recordingpath>
        <trackpathformat default="true">%A/%A - %B/[%N. ][%A - ]%T</trackpathformat>
        <usecddb default="true">true</usecddb>
    </audiocds>
    <audiooutput>
        <ac3passthrough default="true">true</ac3passthrough>
        <ac3transcode default="true">false</ac3transcode>
        <audiodevice default="true">ALSA:default</audiodevice>
        <channels default="true">1</channels>
        <config default="true">2</config>
        <dtshdpassthrough default="true">false</dtshdpassthrough>
        <dtspassthrough default="true">false</dtspassthrough>
        <eac3passthrough default="true">false</eac3passthrough>
        <guisoundmode default="true">1</guisoundmode>
        <maintainoriginalvolume default="true">true</maintainoriginalvolume>
        <passthrough default="true">false</passthrough>
        <passthroughdevice default="true">default</passthroughdevice>
        <processquality default="true">30</processquality>
        <samplerate default="true">48000</samplerate>
        <stereoupmix default="true">false</stereoupmix>
        <streamsilence default="true">1</streamsilence>
        <truehdpassthrough default="true">false</truehdpassthrough>
    </audiooutput>
    <cache>
        <harddisk default="true">256</harddisk>
    </cache>
    <cacheaudio>
        <dvdrom default="true">256</dvdrom>
        <internet default="true">256</internet>
        <lan default="true">256</lan>
    </cacheaudio>
    <cachedvd>
        <dvdrom default="true">2048</dvdrom>
        <lan default="true">2048</lan>
    </cachedvd>
    <cacheunknown>
        <internet default="true">4096</internet>
    </cacheunknown>
    <cachevideo>
        <dvdrom default="true">2048</dvdrom>
        <internet default="true">4096</internet>
        <lan default="true">2048</lan>
    </cachevideo>
    <debug>
        <extralogging default="true">false</extralogging>
        <screenshotpath>/storage/screenshots/</screenshotpath>
        <setextraloglevel default="true"></setextraloglevel>
        <showloginfo default="true">false</showloginfo>
    </debug>
    <disc>
        <playback default="true">0</playback>
    </disc>
    <dvds>
        <automenu default="true">false</automenu>
        <autorun default="true">false</autorun>
        <playerregion default="true">0</playerregion>
    </dvds>
    <epg>
        <daystodisplay default="true">3</daystodisplay>
        <epgupdate default="true">120</epgupdate>
        <hidenoinfoavailable default="true">true</hidenoinfoavailable>
        <ignoredbforclient default="true">false</ignoredbforclient>
        <preventupdateswhileplayingtv default="true">false</preventupdateswhileplayingtv>
        <selectaction default="true">2</selectaction>
    </epg>
    <filelists>
        <allowfiledeletion default="true">false</allowfiledeletion>
        <ignorethewhensorting default="true">true</ignorethewhensorting>
        <showaddsourcebuttons default="true">true</showaddsourcebuttons>
        <showextensions default="true">true</showextensions>
        <showhidden default="true">false</showhidden>
        <showparentdiritems default="true">true</showparentdiritems>
    </filelists>
    <general>
        <addonbrokenfilter default="true">true</addonbrokenfilter>
        <addonforeignfilter default="true">false</addonforeignfilter>
        <addonnotifications default="true">true</addonnotifications>
        <addonupdates default="true">0</addonupdates>
        <settinglevel>3</settinglevel>
        <systemtotaluptime>50</systemtotaluptime>
    </general>
    <input>
        <enablejoystick default="true">true</enablejoystick>
        <enablemouse default="true">true</enablemouse>
    </input>
    <karaoke>
        <autopopupselector default="true">false</autopopupselector>
        <charset default="true">DEFAULT</charset>
        <enabled>true</enabled>
        <font default="true">arial.ttf</font>
        <fontcolors default="true">0</fontcolors>
        <fontheight default="true">36</fontheight>
    </karaoke>
    <locale>
        <audiolanguage default="true">original</audiolanguage>
        <charset default="true">DEFAULT</charset>
        <country>Central Europe</country>
        <keyboardlayouts default="true">English QWERTY</keyboardlayouts>
        <language default="true">English</language>
        <subtitlelanguage>Greek</subtitlelanguage>
        <timezone>Asia/Nicosia</timezone>
        <timezonecountry>Cyprus</timezonecountry>
    </locale>
    <lookandfeel>
        <enablerssfeeds>false</enablerssfeeds>
        <font default="true">Default</font>
        <rssedit default="true"></rssedit>
        <skin>skin.ccm.helix</skin>
        <skincolors default="true">SKINDEFAULT</skincolors>
        <skintheme default="true">SKINDEFAULT</skintheme>
        <skinzoom default="true">0</skinzoom>
        <soundskin default="true">SKINDEFAULT</soundskin>
        <startupwindow default="true">10000</startupwindow>
    </lookandfeel>
    <masterlock>
        <maxretries default="true">3</maxretries>
        <startuplock default="true">false</startuplock>
    </masterlock>
    <musicfiles>
        <findremotethumbs default="true">true</findremotethumbs>
        <librarytrackformat default="true"></librarytrackformat>
        <librarytrackformatright default="true"></librarytrackformatright>
        <nowplayingtrackformat default="true"></nowplayingtrackformat>
        <nowplayingtrackformatright default="true"></nowplayingtrackformatright>
        <trackformat default="true">[%N. ]%A - %T</trackformat>
        <trackformatright default="true">%D</trackformatright>
        <usetags default="true">true</usetags>
    </musicfiles>
    <musiclibrary>
        <albumsscraper default="true">metadata.album.universal</albumsscraper>
        <artistsscraper default="true">metadata.artists.universal</artistsscraper>
        <backgroundupdate default="true">false</backgroundupdate>
        <downloadinfo default="true">false</downloadinfo>
        <enabled default="true">true</enabled>
        <overridetags default="true">false</overridetags>
        <showcompilationartists default="true">true</showcompilationartists>
        <updateonstartup default="true">false</updateonstartup>
    </musiclibrary>
    <musicplayer>
        <autoplaynextitem default="true">true</autoplaynextitem>
        <crossfade default="true">0</crossfade>
        <crossfadealbumtracks default="true">true</crossfadealbumtracks>
        <queuebydefault default="true">false</queuebydefault>
        <replaygainavoidclipping default="true">false</replaygainavoidclipping>
        <replaygainnogainpreamp default="true">89</replaygainnogainpreamp>
        <replaygainpreamp default="true">89</replaygainpreamp>
        <replaygaintype default="true">1</replaygaintype>
        <visualisation default="true">visualization.glspectrum</visualisation>
    </musicplayer>
    <mymusic>
        <defaultlibview default="true"></defaultlibview>
        <songthumbinvis default="true">false</songthumbinvis>
        <startwindow default="true">10501</startwindow>
        <playlist>
            <repeat>false</repeat>
            <shuffle>false</shuffle>
        </playlist>
        <needsupdate>0</needsupdate>
    </mymusic>
    <myvideos>
        <extractflags default="true">true</extractflags>
        <extractthumb default="true">true</extractthumb>
        <flatten default="true">false</flatten>
        <replacelabels default="true">true</replacelabels>
        <selectaction default="true">1</selectaction>
        <stackvideos default="true">false</stackvideos>
        <startwindow>10025</startwindow>
        <watchmodemovies>0</watchmodemovies>
        <watchmodetvshows>0</watchmodetvshows>
        <watchmodemusicvideos>0</watchmodemusicvideos>
        <playlist>
            <repeat>false</repeat>
            <shuffle>false</shuffle>
        </playlist>
        <needsupdate>0</needsupdate>
    </myvideos>
    <network>
        <bandwidth default="true">0</bandwidth>
        <httpproxypassword default="true"></httpproxypassword>
        <httpproxyport default="true">8080</httpproxyport>
        <httpproxyserver default="true"></httpproxyserver>
        <httpproxytype default="true">0</httpproxytype>
        <httpproxyusername default="true"></httpproxyusername>
        <usehttpproxy default="true">false</usehttpproxy>
    </network>
    <pictures>
        <displayresolution default="true">14</displayresolution>
        <generatethumbs default="true">true</generatethumbs>
        <showvideos default="true">true</showvideos>
        <useexifrotation default="true">true</useexifrotation>
        <usetags default="true">true</usetags>
    </pictures>
    <powermanagement>
        <displaysoff default="true">0</displaysoff>
        <shutdownstate default="true">1</shutdownstate>
        <shutdowntime default="true">0</shutdowntime>
        <wakeonaccess default="true">true</wakeonaccess>
    </powermanagement>
    <pvrmanager>
        <backendchannelorder default="true">true</backendchannelorder>
        <enabled default="true">false</enabled>
        <hideconnectionlostwarning default="true">false</hideconnectionlostwarning>
        <syncchannelgroups default="true">true</syncchannelgroups>
        <usebackendchannelnumbers default="true">false</usebackendchannelnumbers>
    </pvrmanager>
    <pvrmenu>
        <closechannelosdonswitch default="true">true</closechannelosdonswitch>
        <displaychannelinfo default="true">5</displaychannelinfo>
        <iconpath default="true"></iconpath>
    </pvrmenu>
    <pvrparental>
        <duration default="true">300</duration>
        <enabled default="true">false</enabled>
        <pin default="true"></pin>
    </pvrparental>
    <pvrplayback>
        <channelentrytimeout default="true">0</channelentrytimeout>
        <confirmchannelswitch default="true">false</confirmchannelswitch>
        <playminimized default="true">true</playminimized>
        <scantime default="true">10</scantime>
        <signalquality default="true">true</signalquality>
        <startlast default="true">0</startlast>
    </pvrplayback>
    <pvrpowermanagement>
        <backendidletime default="true">15</backendidletime>
        <dailywakeup default="true">false</dailywakeup>
        <dailywakeuptime default="true">00:00:00</dailywakeuptime>
        <enabled default="true">false</enabled>
        <prewakeup default="true">15</prewakeup>
        <setwakeupcmd default="true">/usr/bin/setwakeup.sh</setwakeupcmd>
    </pvrpowermanagement>
    <pvrrecord>
        <defaultlifetime default="true">99</defaultlifetime>
        <defaultpriority default="true">50</defaultpriority>
        <instantrecordtime default="true">120</instantrecordtime>
        <marginend default="true">0</marginend>
        <marginstart default="true">0</marginstart>
        <timernotifications default="true">true</timernotifications>
    </pvrrecord>
    <scrapers>
        <moviesdefault default="true">metadata.themoviedb.org</moviesdefault>
        <musicvideosdefault default="true">metadata.musicvideos.theaudiodb.com</musicvideosdefault>
        <tvshowsdefault default="true">metadata.tvdb.com</tvshowsdefault>
    </scrapers>
    <screensaver>
        <mode default="true">screensaver.xbmc.builtin.dim</mode>
        <time default="true">3</time>
        <usedimonpause default="true">true</usedimonpause>
        <usemusicvisinstead default="true">true</usemusicvisinstead>
    </screensaver>
    <services>
        <airplay default="true">true</airplay>
        <airplayios8compat default="true">true</airplayios8compat>
        <airplaypassword default="true"></airplaypassword>
        <airplayvolumecontrol default="true">true</airplayvolumecontrol>
        <devicename default="true">Kodi</devicename>
        <esallinterfaces default="true">false</esallinterfaces>
        <escontinuousdelay default="true">25</escontinuousdelay>
        <esenabled default="true">true</esenabled>
        <esinitialdelay default="true">750</esinitialdelay>
        <esmaxclients default="true">20</esmaxclients>
        <esport default="true">9777</esport>
        <esportrange default="true">10</esportrange>
        <upnpannounce default="true">true</upnpannounce>
        <upnpcontroller default="true">false</upnpcontroller>
        <upnprenderer default="true">false</upnprenderer>
        <upnpserver>true</upnpserver>
        <useairplaypassword default="true">false</useairplaypassword>
        <webserver default="true">true</webserver>
        <webserverpassword default="true"></webserverpassword>
        <webserverport default="true">80</webserverport>
        <webserverusername default="true">kodi</webserverusername>
        <webskin default="true">webinterface.default</webskin>
        <zeroconf default="true">true</zeroconf>
    </services>
    <slideshow>
        <displayeffects default="true">true</displayeffects>
        <shuffle default="true">false</shuffle>
        <staytime default="true">5</staytime>
    </slideshow>
    <smb>
        <winsserver default="true">0.0.0.0</winsserver>
        <workgroup default="true">WORKGROUP</workgroup>
    </smb>
    <subtitles>
        <align default="true">0</align>
        <charset>CP1253</charset>
        <color default="true">1</color>
        <custompath default="true"></custompath>
        <downloadfirst default="true">false</downloadfirst>
        <font default="true">arial.ttf</font>
        <height default="true">28</height>
        <languages>English,Greek</languages>
        <movie default="true">-</movie>
        <overrideassfonts default="true">false</overrideassfonts>
        <pauseonsearch default="true">true</pauseonsearch>
        <stereoscopicdepth default="true">0</stereoscopicdepth>
        <storagemode default="true">0</storagemode>
        <style default="true">1</style>
        <tv default="true">-</tv>
    </subtitles>
    <system>
        <playlistspath>special://profile/playlists/</playlistspath>
    </system>
    <videolibrary>
        <actorthumbs default="true">true</actorthumbs>
        <backgroundupdate default="true">false</backgroundupdate>
        <enabled default="true">true</enabled>
        <flattentvshows default="true">1</flattentvshows>
        <groupmoviesets default="true">false</groupmoviesets>
        <showunwatchedplots default="true">true</showunwatchedplots>
        <updateonstartup default="true">false</updateonstartup>
    </videolibrary>
    <videoplayer>
        <adjustrefreshrate default="true">0</adjustrefreshrate>
        <autoplaynextitem default="true">false</autoplaynextitem>
        <decodingmethod default="true">1</decodingmethod>
        <errorinaspect default="true">0</errorinaspect>
        <hqscalers default="true">0</hqscalers>
        <maxspeedadjust default="true">5</maxspeedadjust>
        <pauseafterrefreshchange default="true">0</pauseafterrefreshchange>
        <prefervaapirender default="true">true</prefervaapirender>
        <quitstereomodeonstop default="true">true</quitstereomodeonstop>
        <rendermethod default="true">0</rendermethod>
        <stereoscopicplaybackmode default="true">0</stereoscopicplaybackmode>
        <stretch43>4</stretch43>
        <synctype default="true">2</synctype>
        <teletextenabled default="true">true</teletextenabled>
        <teletextscale default="true">true</teletextscale>
        <useamcodec default="true">true</useamcodec>
        <usedisplayasclock default="true">false</usedisplayasclock>
        <usedxva2 default="true">true</usedxva2>
        <useomx default="true">true</useomx>
        <useomxplayer default="true">true</useomxplayer>
        <usepbo default="true">true</usepbo>
        <usevaapi default="true">true</usevaapi>
        <usevaapimpeg2 default="true">true</usevaapimpeg2>
        <usevaapimpeg4 default="true">true</usevaapimpeg4>
        <usevaapivc1 default="true">false</usevaapivc1>
        <usevda default="true">true</usevda>
        <usevdpau default="true">true</usevdpau>
        <usevdpaumixer default="true">true</usevdpaumixer>
        <usevdpaumpeg2 default="true">true</usevdpaumpeg2>
        <usevdpaumpeg4 default="true">false</usevdpaumpeg4>
        <usevdpauvc1 default="true">true</usevdpauvc1>
        <usevideotoolbox default="true">true</usevideotoolbox>
        <vdpauUpscalingLevel default="true">false</vdpauUpscalingLevel>
        <vdpau_allow_xrandr default="true">false</vdpau_allow_xrandr>
    </videoplayer>
    <videoscreen>
        <blankdisplays default="true">false</blankdisplays>
        <fakefullscreen default="true">true</fakefullscreen>
        <limitedrange default="true">false</limitedrange>
        <monitor default="true">Default</monitor>
        <preferedstereoscopicmode default="true">100</preferedstereoscopicmode>
        <resolution>18</resolution>
        <screen default="true">0</screen>
        <screenmode>00192001080060.00000pstd</screenmode>
        <stereoscopicmode default="true">0</stereoscopicmode>
        <vsync default="true">3</vsync>
    </videoscreen>
    <weather>
        <addon default="true"></addon>
        <currentlocation default="true">1</currentlocation>
    </weather>
    <window>
        <height default="true">480</height>
        <width default="true">720</width>
    </window>
    <skinsettings>
        <setting type="bool" name="skin.confluence.Use_Startup_Playlist">false</setting>
        <setting type="bool" name="skin.confluence.UseCustomBackground">false</setting>
        <setting type="bool" name="skin.confluence.HideBackGroundFanart">false</setting>
        <setting type="bool" name="skin.confluence.ShowBackgroundVideo">false</setting>
        <setting type="bool" name="skin.confluence.ShowBackgroundVis">false</setting>
        <setting type="bool" name="skin.confluence.HomepageHideRecentlyAddedVideo">false</setting>
        <setting type="bool" name="skin.confluence.HomepageHideRecentlyAddedAlbums">false</setting>
        <setting type="bool" name="skin.confluence.homepageWeatherinfo">false</setting>
        <setting type="bool" name="skin.confluence.homepageMusicinfo">false</setting>
        <setting type="bool" name="skin.confluence.homepageVideoinfo">false</setting>
        <setting type="bool" name="skin.confluence.HomeMenuNoMovieButton">false</setting>
        <setting type="bool" name="skin.confluence.HomeMenuNoTVShowButton">false</setting>
        <setting type="bool" name="skin.confluence.HomeMenuNoWeatherButton">false</setting>
        <setting type="bool" name="skin.confluence.HomeMenuNoPicturesButton">false</setting>
        <setting type="bool" name="skin.confluence.HomeMenuNoVideosButton">false</setting>
        <setting type="bool" name="skin.confluence.HomeMenuNoMusicButton">false</setting>
        <setting type="bool" name="skin.confluence.HomeMenuNoProgramsButton">false</setting>
        <setting type="bool" name="skin.confluence.AutoScroll">false</setting>
        <setting type="bool" name="skin.confluence.FirstTimeRun">true</setting>
        <setting type="bool" name="skin.ccm.helix.HideAutoMusicViz">false</setting>
        <setting type="bool" name="skin.ccm.helix.AutoPartySaver">false</setting>
        <setting type="bool" name="skin.ccm.helix.HidePopUpSeekBar">false</setting>
        <setting type="bool" name="skin.ccm.helix.HideBusyAnimation">false</setting>
        <setting type="bool" name="skin.ccm.helix.NoAnimateVizFanart">false</setting>
        <setting type="bool" name="skin.ccm.helix.SingleGlobalBackground">false</setting>
        <setting type="bool" name="skin.ccm.helix.HolidayEffects">false</setting>
        <setting type="bool" name="skin.ccm.helix.HideHomeNowPlaying">false</setting>
        <setting type="bool" name="skin.ccm.helix.EnableFanartScript">false</setting>
        <setting type="bool" name="skin.ccm.helix.HideBackGroundFanart">false</setting>
        <setting type="bool" name="skin.ccm.helix.VizOnlyOnHome">false</setting>
        <setting type="bool" name="skin.ccm.helix.NoDiffuseVizFanart">false</setting>
        <setting type="bool" name="skin.ccm.helix.DisableSlideShowArt">true</setting>
        <setting type="bool" name="skin.ccm.helix.HideBackgroundCDWall">false</setting>
        <setting type="bool" name="skin.ccm.helix.NoAnimateFanart">false</setting>
        <setting type="bool" name="skin.ccm.helix.EpisodeBackground">false</setting>
        <setting type="bool" name="skin.ccm.helix.EnableAdditionalArtWork">false</setting>
        <setting type="bool" name="skin.ccm.helix.HideListItemArtWork">false</setting>
        <setting type="bool" name="skin.ccm.helix.DisableClearArt">false</setting>
        <setting type="bool" name="skin.ccm.helix.DisableDiscArt">false</setting>
        <setting type="bool" name="skin.ccm.helix.DisableLogoArt">false</setting>
        <setting type="bool" name="skin.ccm.helix.HidePVRNowPlaying">false</setting>
        <setting type="bool" name="skin.ccm.helix.InitialSetUpRun">true</setting>
        <setting type="bool" name="skin.ccm.helix.HideHomeFloor">false</setting>
        <setting type="bool" name="skin.ccm.helix.HideTrailerBtn">false</setting>
        <setting type="bool" name="skin.ccm.helix.HideSystemTime">false</setting>
        <setting type="bool" name="skin.ccm.helix.EnableRainDropEffect">false</setting>
        <setting type="bool" name="skin.ccm.helix.WrapAroundHomeMenu">false</setting>
        <setting type="bool" name="skin.ccm.helix.UPnP_Mode">false</setting>
        <setting type="bool" name="skin.ccm.helix.LowerMainMenuBar">true</setting>
        <setting type="bool" name="skin.ccm.helix.HideNowPlayingInfo">false</setting>
        <setting type="bool" name="skin.ccm.helix.HideTVRecordingInfo">false</setting>
        <setting type="bool" name="skin.ccm.helix.HideYearTitle">false</setting>
        <setting type="bool" name="skin.ccm.helix.EnableLargeWidgets">false</setting>
        <setting type="bool" name="skin.ccm.helix.HideSuggestedMedia">false</setting>
        <setting type="bool" name="skin.ccm.helix.HideEpisodeThumb">false</setting>
        <setting type="bool" name="skin.ccm.helix.DisableScriptPlayList">false</setting>
        <setting type="bool" name="skin.ccm.helix.DisableTVNextAired">true</setting>
        <setting type="bool" name="skin.ccm.helix.EnableHomeStats">false</setting>
        <setting type="bool" name="skin.ccm.helix.DisableGlobalSearch">true</setting>
        <setting type="bool" name="skin.ccm.helix.AutoVisableSubMenu">false</setting>
        <setting type="bool" name="skin.ccm.helix.HideNextSongsInfo">false</setting>
        <setting type="bool" name="skin.ccm.helix.HideHomePowerBtn">false</setting>
        <setting type="bool" name="skin.ccm.helix.EnablePingWOL">false</setting>
        <setting type="bool" name="skin.ccm.helix.FixedEndingMenu">false</setting>
        <setting type="bool" name="skin.ccm.helix.EnableDVDCases">false</setting>
        <setting type="bool" name="skin.ccm.helix.UseDiscTypeCase">false</setting>
        <setting type="bool" name="skin.ccm.helix.KioskMode">false</setting>
        <setting type="bool" name="skin.ccm.helix.WrapMediaViews">false</setting>
        <setting type="bool" name="skin.ccm.helix.MediaShortDescription">false</setting>
        <setting type="bool" name="skin.ccm.helix.AutoScroll">false</setting>
        <setting type="bool" name="skin.ccm.helix.Show_SlideShow_Paused">false</setting>
        <setting type="bool" name="skin.ccm.helix.WindowedTrailer">false</setting>
        <setting type="bool" name="skin.ccm.helix.HideFilenameFlagging">false</setting>
        <setting type="bool" name="skin.ccm.helix.EnableCDArtWork">false</setting>
        <setting type="bool" name="skin.ccm.helix.HideInfoStartOSD">false</setting>
        <setting type="bool" name="skin.ccm.helix.EnablePauseInfo">false</setting>
        <setting type="bool" name="skin.ccm.helix.HideSeekBarOSD">false</setting>
        <setting type="bool" name="skin.ccm.helix.HideArtWorkOSD">false</setting>
        <setting type="bool" name="skin.ccm.helix.HideStartUpBackground">false</setting>
        <setting type="bool" name="skin.ccm.helix.EnableAutoUpdateArt">false</setting>
        <setting type="bool" name="skin.ccm.helix.HideKodiIntro">false</setting>
        <setting type="bool" name="skin.ccm.helix.UseStartUpPlaylistPath">false</setting>
        <setting type="bool" name="skin.ccm.helix.DisableTVTunes">true</setting>
        <setting type="bool" name="skin.ccm.helix.DisableWatchitLater">true</setting>
        <setting type="bool" name="skin.ccm.helix.DisableFanartScript">false</setting>
        <setting type="bool" name="skin.ccm.helix.DisableFloorBtns">false</setting>
        <setting type="bool" name="skin.ccm.helix.HideWatchedMediaStat">false</setting>
        <setting type="bool" name="skin.ccm.helix.HideNewMediaStat">false</setting>
        <setting type="bool" name="skin.ccm.helix.EnableStatusBanner">false</setting>
        <setting type="bool" name="skin.ccm.helix.StopAutoScroll">false</setting>
        <setting type="bool" name="skin.ccm.helix.View515Hidelogo">false</setting>
        <setting type="bool" name="skin.ccm.helix.Disable504FanArt">false</setting>
        <setting type="bool" name="skin.ccm.helix.Enable515WideBanners">false</setting>
        <setting type="bool" name="skin.ccm.helix.disableautoscroll">false</setting>
        <setting type="string" name="skin.confluence.CustomBackgroundPath"></setting>
        <setting type="string" name="skin.confluence.HomeVideosButton1"></setting>
        <setting type="string" name="skin.confluence.HomeVideosButton2"></setting>
        <setting type="string" name="skin.confluence.HomeVideosButton3"></setting>
        <setting type="string" name="skin.confluence.HomeVideosButton4"></setting>
        <setting type="string" name="skin.confluence.HomeVideosButton5"></setting>
        <setting type="string" name="skin.confluence.HomeMusicButton1"></setting>
        <setting type="string" name="skin.confluence.HomeMusicButton2"></setting>
        <setting type="string" name="skin.confluence.HomeMusicButton3"></setting>
        <setting type="string" name="skin.confluence.HomeMusicButton4"></setting>
        <setting type="string" name="skin.confluence.HomeMusicButton5"></setting>
        <setting type="string" name="skin.confluence.HomePictureButton1"></setting>
        <setting type="string" name="skin.confluence.HomePictureButton2"></setting>
        <setting type="string" name="skin.confluence.HomePictureButton3"></setting>
        <setting type="string" name="skin.confluence.HomePictureButton4"></setting>
        <setting type="string" name="skin.confluence.HomePictureButton5"></setting>
        <setting type="string" name="skin.confluence.HomeProgramButton1"></setting>
        <setting type="string" name="skin.confluence.HomeProgramButton2"></setting>
        <setting type="string" name="skin.confluence.HomeProgramButton3"></setting>
        <setting type="string" name="skin.confluence.HomeProgramButton4"></setting>
        <setting type="string" name="skin.confluence.HomeProgramButton5"></setting>
        <setting type="string" name="skin.ccm.helix.UsrColorOne"></setting>
        <setting type="string" name="skin.ccm.helix.GlobalBackGroundPath"></setting>
        <setting type="string" name="skin.ccm.helix.HolidayThemePath">special://skin/extras/Holiday/xmastree.jpg</setting>
        <setting type="string" name="skin.ccm.helix.WeatherFanartDir">special://skin/extras/Weather/</setting>
        <setting type="string" name="skin.ccm.helix.UsrMovieFanArtDir"></setting>
        <setting type="string" name="skin.ccm.helix.UsrTVShowFanArtDir"></setting>
        <setting type="string" name="skin.ccm.helix.UsrArtistsFanArtDir"></setting>
        <setting type="string" name="skin.ccm.helix.UsrConcertsFanArtDir"></setting>
        <setting type="string" name="skin.ccm.helix.HomeItem.1.Fanart"></setting>
        <setting type="string" name="skin.ccm.helix.HomeItem.2.Fanart">/var/media/XBMCUSB/xbmc wallpaperrrrr/nikon_lens_2-wallpaper-3840x2160.jpg</setting>
        <setting type="string" name="skin.ccm.helix.HomeItem.3.Fanart">/var/media/XBMCUSB/xbmc wallpaperrrrr/tv.jpg</setting>
        <setting type="string" name="skin.ccm.helix.HomeItem.4.Fanart">/var/media/XBMCUSB/xbmc wallpaperrrrr/bane_batman_dark_knight_rises-wide (1).jpg</setting>
        <setting type="string" name="skin.ccm.helix.HomeItem.5.Fanart">/var/media/XBMCUSB/xbmc wallpaperrrrr/sport_2-wallpaper-2400x1350.jpg</setting>
        <setting type="string" name="skin.ccm.helix.HomeItem.6.Fanart">/var/media/XBMCUSB/xbmc wallpaperrrrr/penguins_of_madagascar_funny_movie-wallpaper-2880x1620.jpg</setting>
        <setting type="string" name="skin.ccm.helix.HomeItem.7.Fanart">/var/media/XBMCUSB/xbmc wallpaperrrrr/colorful_lipstick-wallpaper-2560x1440.jpg</setting>
        <setting type="string" name="skin.ccm.helix.HomeItem.8.Fanart">/var/media/XBMCUSB/xbmc wallpaperrrrr/abstract_headphones-wallpaper-3840x2160.jpg</setting>
        <setting type="string" name="skin.ccm.helix.HomeItem.9.Fanart">/var/media/XBMCUSB/xbmc wallpaperrrrr/keyboard_letter-wallpaper-2880x1620.jpg</setting>
        <setting type="string" name="skin.ccm.helix.HomeItem.10.Fanart"></setting>
        <setting type="string" name="skin.ccm.helix.HomeItem.11.Fanart"></setting>
        <setting type="string" name="skin.ccm.helix.HomeItem.12.Fanart">/var/media/XBMCUSB/xbmc wallpaperrrrr/hdd2.jpg</setting>
        <setting type="string" name="skin.ccm.helix.PhysicalMusicFolder"></setting>
        <setting type="string" name="skin.ccm.helix.UsrAlbumThumbsDir"></setting>
        <setting type="string" name="skin.ccm.helix.HomeItem.1.Label"></setting>
        <setting type="string" name="skin.ccm.helix.HomeItem.1.Path"></setting>
        <setting type="string" name="skin.ccm.helix.HomeItem.1.Sub"></setting>
        <setting type="string" name="skin.ccm.helix.HomeItem.1.Addon"></setting>
        <setting type="string" name="skin.ccm.helix.HomeItem.1.Widget"></setting>
        <setting type="string" name="skin.ccm.helix.HomeItem.1.Type"></setting>
        <setting type="string" name="skin.ccm.helix.HomeItem.1.Display"></setting>
        <setting type="string" name="skin.ccm.helix.HomeItem.2.Label">Pictures</setting>
        <setting type="string" name="skin.ccm.helix.HomeItem.2.Path">ActivateWindow(Pictures)</setting>
        <setting type="string" name="skin.ccm.helix.HomeItem.2.Sub">Pictures</setting>
        <setting type="string" name="skin.ccm.helix.HomeItem.2.Addon">Pictures</setting>
        <setting type="string" name="skin.ccm.helix.HomeItem.2.Widget">None</setting>
        <setting type="string" name="skin.ccm.helix.HomeItem.2.Type">Pictures</setting>
        <setting type="string" name="skin.ccm.helix.HomeItem.2.Display">Default</setting>
        <setting type="string" name="skin.ccm.helix.HomeItem.3.Label">TV</setting>
        <setting type="string" name="skin.ccm.helix.HomeItem.3.Path">ActivateWindow(TVChannels)</setting>
        <setting type="string" name="skin.ccm.helix.HomeItem.3.Sub">LiveTV</setting>
        <setting type="string" name="skin.ccm.helix.HomeItem.3.Addon">AddonSetFive</setting>
        <setting type="string" name="skin.ccm.helix.HomeItem.3.Widget">None</setting>
        <setting type="string" name="skin.ccm.helix.HomeItem.3.Type">LiveTV</setting>
        <setting type="string" name="skin.ccm.helix.HomeItem.3.Display">Default</setting>
        <setting type="string" name="skin.ccm.helix.HomeItem.4.Label">Videos</setting>
        <setting type="string" name="skin.ccm.helix.HomeItem.4.Path">ActivateWindow(Videos,root,return)</setting>
        <setting type="string" name="skin.ccm.helix.HomeItem.4.Sub">Videos</setting>
        <setting type="string" name="skin.ccm.helix.HomeItem.4.Addon">AddonSetOne</setting>
        <setting type="string" name="skin.ccm.helix.HomeItem.4.Widget">UnWatched</setting>
        <setting type="string" name="skin.ccm.helix.HomeItem.4.Type">Videos</setting>
        <setting type="string" name="skin.ccm.helix.HomeItem.4.Display">Default</setting>
        <setting type="string" name="skin.ccm.helix.HomeItem.5.Label">Sports</setting>
        <setting type="string" name="skin.ccm.helix.HomeItem.5.Path">ActivateWindow(Videos,Addons,return)</setting>
        <setting type="string" name="skin.ccm.helix.HomeItem.5.Sub">None</setting>
        <setting type="string" name="skin.ccm.helix.HomeItem.5.Addon">AddonSetFour</setting>
        <setting type="string" name="skin.ccm.helix.HomeItem.5.Widget">None</setting>
        <setting type="string" name="skin.ccm.helix.HomeItem.5.Type">Videos</setting>
        <setting type="string" name="skin.ccm.helix.HomeItem.5.Display">Default</setting>
        <setting type="string" name="skin.ccm.helix.HomeItem.6.Label">Family</setting>
        <setting type="string" name="skin.ccm.helix.HomeItem.6.Path">ActivateWindow(Videos,Addons,return)</setting>
        <setting type="string" name="skin.ccm.helix.HomeItem.6.Sub">None</setting>
        <setting type="string" name="skin.ccm.helix.HomeItem.6.Addon">AddonSetSix</setting>
        <setting type="string" name="skin.ccm.helix.HomeItem.6.Widget">None</setting>
        <setting type="string" name="skin.ccm.helix.HomeItem.6.Type">Videos</setting>
        <setting type="string" name="skin.ccm.helix.HomeItem.6.Display">Default</setting>
        <setting type="string" name="skin.ccm.helix.HomeItem.7.Label">Adult</setting>
        <setting type="string" name="skin.ccm.helix.HomeItem.7.Path">ActivateWindow(Videos,Addons,return)</setting>
        <setting type="string" name="skin.ccm.helix.HomeItem.7.Sub">None</setting>
        <setting type="string" name="skin.ccm.helix.HomeItem.7.Addon">AddonSetTwo</setting>
        <setting type="string" name="skin.ccm.helix.HomeItem.7.Widget">None</setting>
        <setting type="string" name="skin.ccm.helix.HomeItem.7.Type">Videos</setting>
        <setting type="string" name="skin.ccm.helix.HomeItem.7.Display">Default</setting>
        <setting type="string" name="skin.ccm.helix.HomeItem.8.Label">Music</setting>
        <setting type="string" name="skin.ccm.helix.HomeItem.8.Path">ActivateWindow(Music)</setting>
        <setting type="string" name="skin.ccm.helix.HomeItem.8.Sub">Music</setting>
        <setting type="string" name="skin.ccm.helix.HomeItem.8.Addon">AddonSetThree</setting>
        <setting type="string" name="skin.ccm.helix.HomeItem.8.Widget">RecentAlbums</setting>
        <setting type="string" name="skin.ccm.helix.HomeItem.8.Type">Music</setting>
        <setting type="string" name="skin.ccm.helix.HomeItem.8.Display">Default</setting>
        <setting type="string" name="skin.ccm.helix.HomeItem.9.Label">Programs</setting>
        <setting type="string" name="skin.ccm.helix.HomeItem.9.Path">ActivateWindow(Programs,Addons,return)</setting>
        <setting type="string" name="skin.ccm.helix.HomeItem.9.Sub">Programs</setting>
        <setting type="string" name="skin.ccm.helix.HomeItem.9.Addon">AddonSetSeven</setting>
        <setting type="string" name="skin.ccm.helix.HomeItem.9.Widget">None</setting>
        <setting type="string" name="skin.ccm.helix.HomeItem.9.Type">Programs</setting>
        <setting type="string" name="skin.ccm.helix.HomeItem.9.Display">Default</setting>
        <setting type="string" name="skin.ccm.helix.HomeItem.10.Label"></setting>
        <setting type="string" name="skin.ccm.helix.HomeItem.10.Path"></setting>
        <setting type="string" name="skin.ccm.helix.HomeItem.10.Sub"></setting>
        <setting type="string" name="skin.ccm.helix.HomeItem.10.Addon"></setting>
        <setting type="string" name="skin.ccm.helix.HomeItem.10.Widget"></setting>
        <setting type="string" name="skin.ccm.helix.HomeItem.10.Type"></setting>
        <setting type="string" name="skin.ccm.helix.HomeItem.10.Display"></setting>
        <setting type="string" name="skin.ccm.helix.HomeItem.11.Label"></setting>
        <setting type="string" name="skin.ccm.helix.HomeItem.11.Path"></setting>
        <setting type="string" name="skin.ccm.helix.HomeItem.11.Sub"></setting>
        <setting type="string" name="skin.ccm.helix.HomeItem.11.Addon"></setting>
        <setting type="string" name="skin.ccm.helix.HomeItem.11.Widget"></setting>
        <setting type="string" name="skin.ccm.helix.HomeItem.11.Type"></setting>
        <setting type="string" name="skin.ccm.helix.HomeItem.11.Display"></setting>
        <setting type="string" name="skin.ccm.helix.HomeItem.12.Label">System</setting>
        <setting type="string" name="skin.ccm.helix.HomeItem.12.Path">ActivateWindow(Settings)</setting>
        <setting type="string" name="skin.ccm.helix.HomeItem.12.Sub">Settings</setting>
        <setting type="string" name="skin.ccm.helix.HomeItem.12.Addon">AddonSetEight</setting>
        <setting type="string" name="skin.ccm.helix.HomeItem.12.Widget">None</setting>
        <setting type="string" name="skin.ccm.helix.HomeItem.12.Type">Settings</setting>
        <setting type="string" name="skin.ccm.helix.HomeItem.12.Display">Default</setting>
        <setting type="string" name="skin.ccm.helix.FanArtCycleRate">10</setting>
        <setting type="string" name="skin.ccm.helix.UPnPServer"></setting>
        <setting type="string" name="skin.ccm.helix.UPnP_Path"></setting>
        <setting type="string" name="skin.ccm.helix.TopLeftHomeInfo"></setting>
        <setting type="string" name="skin.ccm.helix.SubVideos.1.Label"></setting>
        <setting type="string" name="skin.ccm.helix.SubVideos.1.Path"></setting>
        <setting type="string" name="skin.ccm.helix.SubVideos.2.Label"></setting>
        <setting type="string" name="skin.ccm.helix.SubVideos.2.Path"></setting>
        <setting type="string" name="skin.ccm.helix.SubVideos.3.Label"></setting>
        <setting type="string" name="skin.ccm.helix.SubVideos.3.Path"></setting>
        <setting type="string" name="skin.ccm.helix.SubVideos.4.Label"></setting>
        <setting type="string" name="skin.ccm.helix.SubVideos.4.Path"></setting>
        <setting type="string" name="skin.ccm.helix.SubVideos.5.Label"></setting>
        <setting type="string" name="skin.ccm.helix.SubVideos.5.Path"></setting>
        <setting type="string" name="skin.ccm.helix.SubVideos.6.Label"></setting>
        <setting type="string" name="skin.ccm.helix.SubVideos.6.Path"></setting>
        <setting type="string" name="skin.ccm.helix.SubVideos.7.Label"></setting>
        <setting type="string" name="skin.ccm.helix.SubVideos.7.Path"></setting>
        <setting type="string" name="skin.ccm.helix.SubVideos.8.Label"></setting>
        <setting type="string" name="skin.ccm.helix.SubVideos.8.Path"></setting>
        <setting type="string" name="skin.ccm.helix.SubVideos.9.Label"></setting>
        <setting type="string" name="skin.ccm.helix.SubVideos.9.Path"></setting>
        <setting type="string" name="skin.ccm.helix.SubVideos.10.Label"></setting>
        <setting type="string" name="skin.ccm.helix.SubVideos.10.Path"></setting>
        <setting type="string" name="skin.ccm.helix.SubMusic.1.Label"></setting>
        <setting type="string" name="skin.ccm.helix.SubMusic.1.Path"></setting>
        <setting type="string" name="skin.ccm.helix.SubMusic.2.Label"></setting>
        <setting type="string" name="skin.ccm.helix.SubMusic.2.Path"></setting>
        <setting type="string" name="skin.ccm.helix.SubMusic.3.Label"></setting>
        <setting type="string" name="skin.ccm.helix.SubMusic.3.Path"></setting>
        <setting type="string" name="skin.ccm.helix.SubMusic.4.Label"></setting>
        <setting type="string" name="skin.ccm.helix.SubMusic.4.Path"></setting>
        <setting type="string" name="skin.ccm.helix.SubMusic.5.Label"></setting>
        <setting type="string" name="skin.ccm.helix.SubMusic.5.Path"></setting>
        <setting type="string" name="skin.ccm.helix.SubMusic.6.Label"></setting>
        <setting type="string" name="skin.ccm.helix.SubMusic.6.Path"></setting>
        <setting type="string" name="skin.ccm.helix.SubMusic.7.Label"></setting>
        <setting type="string" name="skin.ccm.helix.SubMusic.7.Path"></setting>
        <setting type="string" name="skin.ccm.helix.SubMusic.8.Label"></setting>
        <setting type="string" name="skin.ccm.helix.SubMusic.8.Path"></setting>
        <setting type="string" name="skin.ccm.helix.SubMusic.9.Label"></setting>
        <setting type="string" name="skin.ccm.helix.SubMusic.9.Path"></setting>
        <setting type="string" name="skin.ccm.helix.SubMusic.10.Label"></setting>
        <setting type="string" name="skin.ccm.helix.SubMusic.10.Path"></setting>
        <setting type="string" name="skin.ccm.helix.SubSettings.1.Label"></setting>
        <setting type="string" name="skin.ccm.helix.SubSettings.1.Path"></setting>
        <setting type="string" name="skin.ccm.helix.SubSettings.2.Label"></setting>
        <setting type="string" name="skin.ccm.helix.SubSettings.2.Path"></setting>
        <setting type="string" name="skin.ccm.helix.SubSettings.3.Label"></setting>
        <setting type="string" name="skin.ccm.helix.SubSettings.3.Path"></setting>
        <setting type="string" name="skin.ccm.helix.SubSettings.4.Label"></setting>
        <setting type="string" name="skin.ccm.helix.SubSettings.4.Path"></setting>
        <setting type="string" name="skin.ccm.helix.SubSettings.5.Label"></setting>
        <setting type="string" name="skin.ccm.helix.SubSettings.5.Path"></setting>
        <setting type="string" name="skin.ccm.helix.SubSettings.6.Label"></setting>
        <setting type="string" name="skin.ccm.helix.SubSettings.6.Path"></setting>
        <setting type="string" name="skin.ccm.helix.SubSettings.7.Label"></setting>
        <setting type="string" name="skin.ccm.helix.SubSettings.7.Path"></setting>
        <setting type="string" name="skin.ccm.helix.SubSettings.8.Label"></setting>
        <setting type="string" name="skin.ccm.helix.SubSettings.8.Path"></setting>
        <setting type="string" name="skin.ccm.helix.SubSettings.9.Label"></setting>
        <setting type="string" name="skin.ccm.helix.SubSettings.9.Path"></setting>
        <setting type="string" name="skin.ccm.helix.SubSettings.10.Label"></setting>
        <setting type="string" name="skin.ccm.helix.SubSettings.10.Path"></setting>
        <setting type="string" name="skin.ccm.helix.SubLiveTV.1.Label"></setting>
        <setting type="string" name="skin.ccm.helix.SubLiveTV.1.Path"></setting>
        <setting type="string" name="skin.ccm.helix.SubLiveTV.2.Label"></setting>
        <setting type="string" name="skin.ccm.helix.SubLiveTV.2.Path"></setting>
        <setting type="string" name="skin.ccm.helix.SubLiveTV.3.Label"></setting>
        <setting type="string" name="skin.ccm.helix.SubLiveTV.3.Path"></setting>
        <setting type="string" name="skin.ccm.helix.SubLiveTV.4.Label"></setting>
        <setting type="string" name="skin.ccm.helix.SubLiveTV.4.Path"></setting>
        <setting type="string" name="skin.ccm.helix.SubLiveTV.5.Label"></setting>
        <setting type="string" name="skin.ccm.helix.SubLiveTV.5.Path"></setting>
        <setting type="string" name="skin.ccm.helix.SubLiveTV.6.Label"></setting>
        <setting type="string" name="skin.ccm.helix.SubLiveTV.6.Path"></setting>
        <setting type="string" name="skin.ccm.helix.SubLiveTV.7.Label"></setting>
        <setting type="string" name="skin.ccm.helix.SubLiveTV.7.Path"></setting>
        <setting type="string" name="skin.ccm.helix.SubLiveTV.8.Label"></setting>
        <setting type="string" name="skin.ccm.helix.SubLiveTV.8.Path"></setting>
        <setting type="string" name="skin.ccm.helix.SubLiveTV.9.Label"></setting>
        <setting type="string" name="skin.ccm.helix.SubLiveTV.9.Path"></setting>
        <setting type="string" name="skin.ccm.helix.SubLiveTV.10.Label"></setting>
        <setting type="string" name="skin.ccm.helix.SubLiveTV.10.Path"></setting>
        <setting type="string" name="skin.ccm.helix.SubPictures.1.Label"></setting>
        <setting type="string" name="skin.ccm.helix.SubPictures.1.Path"></setting>
        <setting type="string" name="skin.ccm.helix.SubPictures.2.Label"></setting>
        <setting type="string" name="skin.ccm.helix.SubPictures.2.Path"></setting>
        <setting type="string" name="skin.ccm.helix.SubPictures.3.Label"></setting>
        <setting type="string" name="skin.ccm.helix.SubPictures.3.Path"></setting>
        <setting type="string" name="skin.ccm.helix.SubPictures.4.Label"></setting>
        <setting type="string" name="skin.ccm.helix.SubPictures.4.Path"></setting>
        <setting type="string" name="skin.ccm.helix.SubPictures.5.Label"></setting>
        <setting type="string" name="skin.ccm.helix.SubPictures.5.Path"></setting>
        <setting type="string" name="skin.ccm.helix.SubPictures.6.Label"></setting>
        <setting type="string" name="skin.ccm.helix.SubPictures.6.Path"></setting>
        <setting type="string" name="skin.ccm.helix.SubPictures.7.Label"></setting>
        <setting type="string" name="skin.ccm.helix.SubPictures.7.Path"></setting>
        <setting type="string" name="skin.ccm.helix.SubPictures.8.Label"></setting>
        <setting type="string" name="skin.ccm.helix.SubPictures.8.Path"></setting>
        <setting type="string" name="skin.ccm.helix.SubPictures.9.Label"></setting>
        <setting type="string" name="skin.ccm.helix.SubPictures.9.Path"></setting>
        <setting type="string" name="skin.ccm.helix.SubPictures.10.Label"></setting>
        <setting type="string" name="skin.ccm.helix.SubPictures.10.Path"></setting>
        <setting type="string" name="skin.ccm.helix.SubMovies.1.Label"></setting>
        <setting type="string" name="skin.ccm.helix.SubMovies.1.Path"></setting>
        <setting type="string" name="skin.ccm.helix.SubMovies.2.Label"></setting>
        <setting type="string" name="skin.ccm.helix.SubMovies.2.Path"></setting>
        <setting type="string" name="skin.ccm.helix.SubMovies.3.Label"></setting>
        <setting type="string" name="skin.ccm.helix.SubMovies.3.Path"></setting>
        <setting type="string" name="skin.ccm.helix.SubMovies.4.Label"></setting>
        <setting type="string" name="skin.ccm.helix.SubMovies.4.Path"></setting>
        <setting type="string" name="skin.ccm.helix.SubMovies.5.Label"></setting>
        <setting type="string" name="skin.ccm.helix.SubMovies.5.Path"></setting>
        <setting type="string" name="skin.ccm.helix.SubMovies.6.Label"></setting>
        <setting type="string" name="skin.ccm.helix.SubMovies.6.Path"></setting>
        <setting type="string" name="skin.ccm.helix.SubMovies.7.Label"></setting>
        <setting type="string" name="skin.ccm.helix.SubMovies.7.Path"></setting>
        <setting type="string" name="skin.ccm.helix.SubMovies.8.Label"></setting>
        <setting type="string" name="skin.ccm.helix.SubMovies.8.Path"></setting>
        <setting type="string" name="skin.ccm.helix.SubMovies.9.Label"></setting>
        <setting type="string" name="skin.ccm.helix.SubMovies.9.Path"></setting>
        <setting type="string" name="skin.ccm.helix.SubMovies.10.Label"></setting>
        <setting type="string" name="skin.ccm.helix.SubMovies.10.Path"></setting>
        <setting type="string" name="skin.ccm.helix.SubTVShows.1.Label"></setting>
        <setting type="string" name="skin.ccm.helix.SubTVShows.1.Path"></setting>
        <setting type="string" name="skin.ccm.helix.SubTVShows.2.Label"></setting>
        <setting type="string" name="skin.ccm.helix.SubTVShows.2.Path"></setting>
        <setting type="string" name="skin.ccm.helix.SubTVShows.3.Label"></setting>
        <setting type="string" name="skin.ccm.helix.SubTVShows.3.Path"></setting>
        <setting type="string" name="skin.ccm.helix.SubTVShows.4.Label"></setting>
        <setting type="string" name="skin.ccm.helix.SubTVShows.4.Path"></setting>
        <setting type="string" name="skin.ccm.helix.SubTVShows.5.Label"></setting>
        <setting type="string" name="skin.ccm.helix.SubTVShows.5.Path"></setting>
        <setting type="string" name="skin.ccm.helix.SubTVShows.6.Label"></setting>
        <setting type="string" name="skin.ccm.helix.SubTVShows.6.Path"></setting>
        <setting type="string" name="skin.ccm.helix.SubTVShows.7.Label"></setting>
        <setting type="string" name="skin.ccm.helix.SubTVShows.7.Path"></setting>
        <setting type="string" name="skin.ccm.helix.SubTVShows.8.Label"></setting>
        <setting type="string" name="skin.ccm.helix.SubTVShows.8.Path"></setting>
        <setting type="string" name="skin.ccm.helix.SubTVShows.9.Label"></setting>
        <setting type="string" name="skin.ccm.helix.SubTVShows.9.Path"></setting>
        <setting type="string" name="skin.ccm.helix.SubTVShows.10.Label"></setting>
        <setting type="string" name="skin.ccm.helix.SubTVShows.10.Path"></setting>
        <setting type="string" name="skin.ccm.helix.SubConcerts.1.Label"></setting>
        <setting type="string" name="skin.ccm.helix.SubConcerts.1.Path"></setting>
        <setting type="string" name="skin.ccm.helix.SubConcerts.2.Label"></setting>
        <setting type="string" name="skin.ccm.helix.SubConcerts.2.Path"></setting>
        <setting type="string" name="skin.ccm.helix.SubConcerts.3.Label"></setting>
        <setting type="string" name="skin.ccm.helix.SubConcerts.3.Path"></setting>
        <setting type="string" name="skin.ccm.helix.SubConcerts.4.Label"></setting>
        <setting type="string" name="skin.ccm.helix.SubConcerts.4.Path"></setting>
        <setting type="string" name="skin.ccm.helix.SubConcerts.5.Label"></setting>
        <setting type="string" name="skin.ccm.helix.SubConcerts.5.Path"></setting>
        <setting type="string" name="skin.ccm.helix.SubConcerts.6.Label"></setting>
        <setting type="string" name="skin.ccm.helix.SubConcerts.6.Path"></setting>
        <setting type="string" name="skin.ccm.helix.SubConcerts.7.Label"></setting>
        <setting type="string" name="skin.ccm.helix.SubConcerts.7.Path"></setting>
        <setting type="string" name="skin.ccm.helix.SubConcerts.8.Label"></setting>
        <setting type="string" name="skin.ccm.helix.SubConcerts.8.Path"></setting>
        <setting type="string" name="skin.ccm.helix.SubConcerts.9.Label"></setting>
        <setting type="string" name="skin.ccm.helix.SubConcerts.9.Path"></setting>
        <setting type="string" name="skin.ccm.helix.SubConcerts.10.Label"></setting>
        <setting type="string" name="skin.ccm.helix.SubConcerts.10.Path"></setting>
        <setting type="string" name="skin.ccm.helix.UserSubOne.1.Label"></setting>
        <setting type="string" name="skin.ccm.helix.UserSubOne.1.Path"></setting>
        <setting type="string" name="skin.ccm.helix.UserSubOne.2.Label"></setting>
        <setting type="string" name="skin.ccm.helix.UserSubOne.2.Path"></setting>
        <setting type="string" name="skin.ccm.helix.UserSubOne.3.Label"></setting>
        <setting type="string" name="skin.ccm.helix.UserSubOne.3.Path"></setting>
        <setting type="string" name="skin.ccm.helix.UserSubOne.4.Label"></setting>
        <setting type="string" name="skin.ccm.helix.UserSubOne.4.Path"></setting>
        <setting type="string" name="skin.ccm.helix.UserSubOne.5.Label"></setting>
        <setting type="string" name="skin.ccm.helix.UserSubOne.5.Path"></setting>
        <setting type="string" name="skin.ccm.helix.UserSubOne.6.Label"></setting>
        <setting type="string" name="skin.ccm.helix.UserSubOne.6.Path"></setting>
        <setting type="string" name="skin.ccm.helix.UserSubOne.7.Label"></setting>
        <setting type="string" name="skin.ccm.helix.UserSubOne.7.Path"></setting>
        <setting type="string" name="skin.ccm.helix.UserSubOne.8.Label"></setting>
        <setting type="string" name="skin.ccm.helix.UserSubOne.8.Path"></setting>
        <setting type="string" name="skin.ccm.helix.UserSubOne.9.Label"></setting>
        <setting type="string" name="skin.ccm.helix.UserSubOne.9.Path"></setting>
        <setting type="string" name="skin.ccm.helix.UserSubOne.10.Label"></setting>
        <setting type="string" name="skin.ccm.helix.UserSubOne.10.Path"></setting>
        <setting type="string" name="skin.ccm.helix.UserSubTwo.1.Label"></setting>
        <setting type="string" name="skin.ccm.helix.UserSubTwo.1.Path"></setting>
        <setting type="string" name="skin.ccm.helix.UserSubTwo.2.Label"></setting>
        <setting type="string" name="skin.ccm.helix.UserSubTwo.2.Path"></setting>
        <setting type="string" name="skin.ccm.helix.UserSubTwo.3.Label"></setting>
        <setting type="string" name="skin.ccm.helix.UserSubTwo.3.Path"></setting>
        <setting type="string" name="skin.ccm.helix.UserSubTwo.4.Label"></setting>
        <setting type="string" name="skin.ccm.helix.UserSubTwo.4.Path"></setting>
        <setting type="string" name="skin.ccm.helix.UserSubTwo.5.Label"></setting>
        <setting type="string" name="skin.ccm.helix.UserSubTwo.5.Path"></setting>
        <setting type="string" name="skin.ccm.helix.UserSubTwo.6.Label"></setting>
        <setting type="string" name="skin.ccm.helix.UserSubTwo.6.Path"></setting>
        <setting type="string" name="skin.ccm.helix.UserSubTwo.7.Label"></setting>
        <setting type="string" name="skin.ccm.helix.UserSubTwo.7.Path"></setting>
        <setting type="string" name="skin.ccm.helix.UserSubTwo.8.Label"></setting>
        <setting type="string" name="skin.ccm.helix.UserSubTwo.8.Path"></setting>
        <setting type="string" name="skin.ccm.helix.UserSubTwo.9.Label"></setting>
        <setting type="string" name="skin.ccm.helix.UserSubTwo.9.Path"></setting>
        <setting type="string" name="skin.ccm.helix.UserSubTwo.10.Label"></setting>
        <setting type="string" name="skin.ccm.helix.UserSubTwo.10.Path"></setting>
        <setting type="string" name="skin.ccm.helix.SubProg.1.Label"></setting>
        <setting type="string" name="skin.ccm.helix.SubProg.1.Path"></setting>
        <setting type="string" name="skin.ccm.helix.SubProg.2.Label"></setting>
        <setting type="string" name="skin.ccm.helix.SubProg.2.Path"></setting>
        <setting type="string" name="skin.ccm.helix.SubProg.3.Label"></setting>
        <setting type="string" name="skin.ccm.helix.SubProg.3.Path"></setting>
        <setting type="string" name="skin.ccm.helix.SubProg.4.Label"></setting>
        <setting type="string" name="skin.ccm.helix.SubProg.4.Path"></setting>
        <setting type="string" name="skin.ccm.helix.SubProg.5.Label"></setting>
        <setting type="string" name="skin.ccm.helix.SubProg.5.Path"></setting>
        <setting type="string" name="skin.ccm.helix.SubProg.6.Label"></setting>
        <setting type="string" name="skin.ccm.helix.SubProg.6.Path"></setting>
        <setting type="string" name="skin.ccm.helix.SubProg.7.Label"></setting>
        <setting type="string" name="skin.ccm.helix.SubProg.7.Path"></setting>
        <setting type="string" name="skin.ccm.helix.SubProg.8.Label"></setting>
        <setting type="string" name="skin.ccm.helix.SubProg.8.Path"></setting>
        <setting type="string" name="skin.ccm.helix.SubProg.9.Label"></setting>
        <setting type="string" name="skin.ccm.helix.SubProg.9.Path"></setting>
        <setting type="string" name="skin.ccm.helix.SubProg.10.Label"></setting>
        <setting type="string" name="skin.ccm.helix.SubProg.10.Path"></setting>
        <setting type="string" name="skin.ccm.helix.SubRadio.1.Label"></setting>
        <setting type="string" name="skin.ccm.helix.SubRadio.1.Path"></setting>
        <setting type="string" name="skin.ccm.helix.SubRadio.2.Label"></setting>
        <setting type="string" name="skin.ccm.helix.SubRadio.2.Path"></setting>
        <setting type="string" name="skin.ccm.helix.SubRadio.3.Label"></setting>
        <setting type="string" name="skin.ccm.helix.SubRadio.3.Path"></setting>
        <setting type="string" name="skin.ccm.helix.SubRadio.4.Label"></setting>
        <setting type="string" name="skin.ccm.helix.SubRadio.4.Path"></setting>
        <setting type="string" name="skin.ccm.helix.SubRadio.5.Label"></setting>
        <setting type="string" name="skin.ccm.helix.SubRadio.5.Path"></setting>
        <setting type="string" name="skin.ccm.helix.SubRadio.6.Label"></setting>
        <setting type="string" name="skin.ccm.helix.SubRadio.6.Path"></setting>
        <setting type="string" name="skin.ccm.helix.SubRadio.7.Label"></setting>
        <setting type="string" name="skin.ccm.helix.SubRadio.7.Path"></setting>
        <setting type="string" name="skin.ccm.helix.SubRadio.8.Label"></setting>
        <setting type="string" name="skin.ccm.helix.SubRadio.8.Path"></setting>
        <setting type="string" name="skin.ccm.helix.SubRadio.9.Label"></setting>
        <setting type="string" name="skin.ccm.helix.SubRadio.9.Path"></setting>
        <setting type="string" name="skin.ccm.helix.SubRadio.10.Label"></setting>
        <setting type="string" name="skin.ccm.helix.SubRadio.10.Path"></setting>
        <setting type="string" name="skin.ccm.helix.AddonSetOne.1.Label">Genesis</setting>
        <setting type="string" name="skin.ccm.helix.AddonSetOne.1.Icon">/storage/.kodi/addons/plugin.video.genesis/icon.png</setting>
        <setting type="string" name="skin.ccm.helix.AddonSetOne.1.Path">RunAddon(plugin.video.genesis)</setting>
        <setting type="string" name="skin.ccm.helix.AddonSetOne.2.Label">iSTREAM</setting>
        <setting type="string" name="skin.ccm.helix.AddonSetOne.2.Icon">/storage/.kodi/addons/script.icechannel/icon.png</setting>
        <setting type="string" name="skin.ccm.helix.AddonSetOne.2.Path">RunAddon(script.icechannel)</setting>
        <setting type="string" name="skin.ccm.helix.AddonSetOne.3.Label">Movies XK</setting>
        <setting type="string" name="skin.ccm.helix.AddonSetOne.3.Icon">/storage/.kodi/addons/plugin.video.moviexk/icon.png</setting>
        <setting type="string" name="skin.ccm.helix.AddonSetOne.3.Path">RunAddon(plugin.video.moviexk)</setting>
        <setting type="string" name="skin.ccm.helix.AddonSetOne.4.Label">Yify Movies HD</setting>
        <setting type="string" name="skin.ccm.helix.AddonSetOne.4.Icon">/storage/.kodi/addons/plugin.video.yifymovies.hd/icon.png</setting>
        <setting type="string" name="skin.ccm.helix.AddonSetOne.4.Path">RunAddon(plugin.video.yifymovies.hd)</setting>
        <setting type="string" name="skin.ccm.helix.AddonSetOne.5.Label">Ororo TV</setting>
        <setting type="string" name="skin.ccm.helix.AddonSetOne.5.Icon">/storage/.kodi/addons/plugin.video.ororotv/icon.png</setting>
        <setting type="string" name="skin.ccm.helix.AddonSetOne.5.Path">RunAddon(plugin.video.ororotv)</setting>
        <setting type="string" name="skin.ccm.helix.AddonSetOne.6.Label">Showbox</setting>
        <setting type="string" name="skin.ccm.helix.AddonSetOne.6.Icon">/storage/.kodi/addons/plugin.video.Showbox/icon.png</setting>
        <setting type="string" name="skin.ccm.helix.AddonSetOne.6.Path">RunAddon(plugin.video.Showbox)</setting>
        <setting type="string" name="skin.ccm.helix.AddonSetOne.7.Label">Movies HD</setting>
        <setting type="string" name="skin.ccm.helix.AddonSetOne.7.Icon">/storage/.kodi/addons/plugin.video.movieshd/icon.png</setting>
        <setting type="string" name="skin.ccm.helix.AddonSetOne.7.Path">RunAddon(plugin.video.movieshd)</setting>
        <setting type="string" name="skin.ccm.helix.AddonSetTwo.1.Label">VideoDevil</setting>
        <setting type="string" name="skin.ccm.helix.AddonSetTwo.1.Icon">/storage/.kodi/addons/plugin.video.videodevil/icon.png</setting>
        <setting type="string" name="skin.ccm.helix.AddonSetTwo.1.Path">RunAddon(plugin.video.videodevil)</setting>
        <setting type="string" name="skin.ccm.helix.AddonSetTwo.2.Label">Filmikz</setting>
        <setting type="string" name="skin.ccm.helix.AddonSetTwo.2.Icon">/storage/.kodi/addons/plugin.video.filmikz/icon.png</setting>
        <setting type="string" name="skin.ccm.helix.AddonSetTwo.2.Path">RunAddon(plugin.video.filmikz)</setting>
        <setting type="string" name="skin.ccm.helix.AddonSetTwo.3.Label">Movie4K.to</setting>
        <setting type="string" name="skin.ccm.helix.AddonSetTwo.3.Icon">/storage/.kodi/addons/plugin.video.movie4k/icon.png</setting>
        <setting type="string" name="skin.ccm.helix.AddonSetTwo.3.Path">RunAddon(plugin.video.movie4k)</setting>
        <setting type="string" name="skin.ccm.helix.AddonSetTwo.4.Label">Erotik (XXX)</setting>
        <setting type="string" name="skin.ccm.helix.AddonSetTwo.4.Icon">/storage/.kodi/addons/plugin.video.erotik/icon.png</setting>
        <setting type="string" name="skin.ccm.helix.AddonSetTwo.4.Path">RunAddon(plugin.video.erotik)</setting>
        <setting type="string" name="skin.ccm.helix.AddonSetTwo.5.Label">Fantasti.cc</setting>
        <setting type="string" name="skin.ccm.helix.AddonSetTwo.5.Icon">/storage/.kodi/addons/plugin.video.fantasticc/icon.png</setting>
        <setting type="string" name="skin.ccm.helix.AddonSetTwo.5.Path">RunAddon(plugin.video.fantasticc)</setting>
        <setting type="string" name="skin.ccm.helix.AddonSetTwo.6.Label">YouJizz.com</setting>
        <setting type="string" name="skin.ccm.helix.AddonSetTwo.6.Icon">/storage/.kodi/addons/plugin.video.you.jizz/icon.png</setting>
        <setting type="string" name="skin.ccm.helix.AddonSetTwo.6.Path">RunAddon(plugin.video.you.jizz)</setting>
        <setting type="string" name="skin.ccm.helix.AddonSetTwo.7.Label">Lubetube (Adult)</setting>
        <setting type="string" name="skin.ccm.helix.AddonSetTwo.7.Icon">/storage/.kodi/addons/plugin.video.lubetube/icon.png</setting>
        <setting type="string" name="skin.ccm.helix.AddonSetTwo.7.Path">RunAddon(plugin.video.lubetube)</setting>
        <setting type="string" name="skin.ccm.helix.AddonSetThree.1.Label">Digitally Imported</setting>
        <setting type="string" name="skin.ccm.helix.AddonSetThree.1.Icon">/storage/.kodi/addons/plugin.audio.di.fm/icon.png</setting>
        <setting type="string" name="skin.ccm.helix.AddonSetThree.1.Path">RunAddon(plugin.audio.di.fm)</setting>
        <setting type="string" name="skin.ccm.helix.AddonSetThree.2.Label">Greek Radio</setting>
        <setting type="string" name="skin.ccm.helix.AddonSetThree.2.Icon">/storage/.kodi/addons/plugin.video.hellenic.tv/resources/art/root_radios.jpg</setting>
        <setting type="string" name="skin.ccm.helix.AddonSetThree.2.Path">ActivateWindow(10025,&quot;plugin://plugin.video.hellenic.tv/?action=root_radios&quot;,return)</setting>
        <setting type="string" name="skin.ccm.helix.AddonSetThree.3.Label">Mikey&apos;s Karaoke</setting>
        <setting type="string" name="skin.ccm.helix.AddonSetThree.3.Icon">/storage/.kodi/addons/plugin.video.MikeysKaraoke/icon.png</setting>
        <setting type="string" name="skin.ccm.helix.AddonSetThree.3.Path">RunAddon(plugin.video.MikeysKaraoke)</setting>
        <setting type="string" name="skin.ccm.helix.AddonSetThree.4.Label">World Radio</setting>
        <setting type="string" name="skin.ccm.helix.AddonSetThree.4.Icon">/storage/.kodi/addons/plugin.audio.worldradio/icon.png</setting>
        <setting type="string" name="skin.ccm.helix.AddonSetThree.4.Path">RunAddon(plugin.audio.worldradio)</setting>
        <setting type="string" name="skin.ccm.helix.AddonSetThree.5.Label">80s Music Videos</setting>
        <setting type="string" name="skin.ccm.helix.AddonSetThree.5.Icon">/storage/.kodi/addons/plugin.video.80smusicvideos/icon.png</setting>
        <setting type="string" name="skin.ccm.helix.AddonSetThree.5.Path">RunAddon(plugin.video.80smusicvideos)</setting>
        <setting type="string" name="skin.ccm.helix.AddonSetThree.6.Label">House Mixes</setting>
        <setting type="string" name="skin.ccm.helix.AddonSetThree.6.Icon">/storage/.kodi/addons/plugin.audio.housemixes/icon.png</setting>
        <setting type="string" name="skin.ccm.helix.AddonSetThree.6.Path">RunAddon(plugin.audio.housemixes)</setting>
        <setting type="string" name="skin.ccm.helix.AddonSetThree.7.Label">XunityTalk Music</setting>
        <setting type="string" name="skin.ccm.helix.AddonSetThree.7.Icon">/storage/.kodi/addons/plugin.audio.xbmchubmusic/icon.png</setting>
        <setting type="string" name="skin.ccm.helix.AddonSetThree.7.Path">RunAddon(plugin.audio.xbmchubmusic)</setting>
        <setting type="string" name="skin.ccm.helix.AddonSetFour.1.Label">SportsDevil</setting>
        <setting type="string" name="skin.ccm.helix.AddonSetFour.1.Icon">/storage/.kodi/addons/plugin.video.SportsDevil/icon.png</setting>
        <setting type="string" name="skin.ccm.helix.AddonSetFour.1.Path">RunAddon(plugin.video.SportsDevil)</setting>
        <setting type="string" name="skin.ccm.helix.AddonSetFour.2.Label">p2p-streams</setting>
        <setting type="string" name="skin.ccm.helix.AddonSetFour.2.Icon">/storage/.kodi/addons/plugin.video.p2p-streams/icon.png</setting>
        <setting type="string" name="skin.ccm.helix.AddonSetFour.2.Path">RunAddon(plugin.video.p2p-streams)</setting>
        <setting type="string" name="skin.ccm.helix.AddonSetFour.3.Label">Football Replays</setting>
        <setting type="string" name="skin.ccm.helix.AddonSetFour.3.Icon">/storage/.kodi/addons/plugin.video.footballreplays/icon.png</setting>
        <setting type="string" name="skin.ccm.helix.AddonSetFour.3.Path">RunAddon(plugin.video.footballreplays)</setting>
        <setting type="string" name="skin.ccm.helix.AddonSetFour.4.Label">NL Sports</setting>
        <setting type="string" name="skin.ccm.helix.AddonSetFour.4.Icon">/storage/.kodi/addons/plugin.video.nlsports/icon.png</setting>
        <setting type="string" name="skin.ccm.helix.AddonSetFour.4.Path">RunAddon(plugin.video.nlsports)</setting>
        <setting type="string" name="skin.ccm.helix.AddonSetFour.5.Label">Shahid Arabic</setting>
        <setting type="string" name="skin.ccm.helix.AddonSetFour.5.Icon">/storage/.kodi/addons/plugin.video.shahidmbcnet/icon.png</setting>
        <setting type="string" name="skin.ccm.helix.AddonSetFour.5.Path">RunAddon(plugin.video.shahidmbcnet)</setting>
        <setting type="string" name="skin.ccm.helix.AddonSetFour.6.Label">Phoenix</setting>
        <setting type="string" name="skin.ccm.helix.AddonSetFour.6.Icon">/storage/.kodi/addons/plugin.video.phstreams/icon.png</setting>
        <setting type="string" name="skin.ccm.helix.AddonSetFour.6.Path">RunAddon(plugin.video.phstreams)</setting>
        <setting type="string" name="skin.ccm.helix.AddonSetFour.7.Label">Sports</setting>
        <setting type="string" name="skin.ccm.helix.AddonSetFour.7.Icon">/var/media/XBMCUSB/xbmc wallpaperrrrr/sport_2-wallpaper-2400x1350.jpg</setting>
        <setting type="string" name="skin.ccm.helix.AddonSetFour.7.Path">ActivateWindow(10025,&quot;plugin://plugin.video.pakindia/?description&amp;iconimage&amp;mode=2&amp;name=Sports&amp;url=%2fstorage%2f.kodi%2fuserdata%2faddon_data%2fplugin.video.pakindia%2fSports&quot;,return)</setting>
        <setting type="string" name="skin.ccm.helix.AddonSetFive.1.Label">.[COLOR blue]AAA Live TV[/COLOR]</setting>
        <setting type="string" name="skin.ccm.helix.AddonSetFive.1.Icon">/storage/.kodi/addons/plugin.video.aaastream/icon.png</setting>
        <setting type="string" name="skin.ccm.helix.AddonSetFive.1.Path">RunAddon(plugin.video.aaastream)</setting>
        <setting type="string" name="skin.ccm.helix.AddonSetFive.2.Label">[COLOR red]HALOW [COLOR green] LIVE[/COLOR]</setting>
        <setting type="string" name="skin.ccm.helix.AddonSetFive.2.Icon">/storage/.kodi/addons/plugin.video.Halow/icon.png</setting>
        <setting type="string" name="skin.ccm.helix.AddonSetFive.2.Path">RunAddon(plugin.video.Halow)</setting>
        <setting type="string" name="skin.ccm.helix.AddonSetFive.3.Label">BBTS</setting>
        <setting type="string" name="skin.ccm.helix.AddonSetFive.3.Icon">/storage/.kodi/addons/plugin.video.bbts/icon.png</setting>
        <setting type="string" name="skin.ccm.helix.AddonSetFive.3.Path">RunAddon(plugin.video.bbts)</setting>
        <setting type="string" name="skin.ccm.helix.AddonSetFive.4.Label">Free Streams</setting>
        <setting type="string" name="skin.ccm.helix.AddonSetFive.4.Icon">/storage/.kodi/addons/plugin.video.freestreams/icon.png</setting>
        <setting type="string" name="skin.ccm.helix.AddonSetFive.4.Path">RunAddon(plugin.video.freestreams)</setting>
        <setting type="string" name="skin.ccm.helix.AddonSetFive.5.Label">World Tv XunityTalk.com</setting>
        <setting type="string" name="skin.ccm.helix.AddonSetFive.5.Icon">/storage/.kodi/addons/plugin.video.mikeytv/icon.png</setting>
        <setting type="string" name="skin.ccm.helix.AddonSetFive.5.Path">RunAddon(plugin.video.mikeytv)</setting>
        <setting type="string" name="skin.ccm.helix.AddonSetFive.6.Label">F.T.V</setting>
        <setting type="string" name="skin.ccm.helix.AddonSetFive.6.Icon">/storage/.kodi/addons/plugin.video.F.T.V/icon.png</setting>
        <setting type="string" name="skin.ccm.helix.AddonSetFive.6.Path">RunAddon(plugin.video.F.T.V)</setting>
        <setting type="string" name="skin.ccm.helix.AddonSetFive.7.Label">Vdubt25</setting>
        <setting type="string" name="skin.ccm.helix.AddonSetFive.7.Icon">/storage/.kodi/addons/plugin.video.vdubt/icon.png</setting>
        <setting type="string" name="skin.ccm.helix.AddonSetFive.7.Path">RunAddon(plugin.video.vdubt)</setting>
        <setting type="string" name="skin.ccm.helix.AddonSetSix.1.Label">Greek Cartoons</setting>
        <setting type="string" name="skin.ccm.helix.AddonSetSix.1.Icon">/storage/.kodi/addons/plugin.video.hellenic.tv/resources/art/root_cartoons.jpg</setting>
        <setting type="string" name="skin.ccm.helix.AddonSetSix.1.Path">ActivateWindow(10025,&quot;plugin://plugin.video.hellenic.tv/?action=root_cartoons&quot;,return)</setting>
        <setting type="string" name="skin.ccm.helix.AddonSetSix.2.Label">Cartoon HD</setting>
        <setting type="string" name="skin.ccm.helix.AddonSetSix.2.Icon">/storage/.kodi/addons/plugin.video.cartoonhd/icon.png</setting>
        <setting type="string" name="skin.ccm.helix.AddonSetSix.2.Path">RunAddon(plugin.video.cartoonhd)</setting>
        <setting type="string" name="skin.ccm.helix.AddonSetSix.3.Label">Cartoon HD Extra</setting>
        <setting type="string" name="skin.ccm.helix.AddonSetSix.3.Icon">/storage/.kodi/addons/plugin.video.cartoonhdtwo/icon.png</setting>
        <setting type="string" name="skin.ccm.helix.AddonSetSix.3.Path">RunAddon(plugin.video.cartoonhdtwo)</setting>
        <setting type="string" name="skin.ccm.helix.AddonSetSix.4.Label">Cartoons8</setting>
        <setting type="string" name="skin.ccm.helix.AddonSetSix.4.Icon">/storage/.kodi/addons/plugin.video.cartoons8/icon.png</setting>
        <setting type="string" name="skin.ccm.helix.AddonSetSix.4.Path">RunAddon(plugin.video.cartoons8)</setting>
        <setting type="string" name="skin.ccm.helix.AddonSetSix.5.Label">Watch Cartoon Online</setting>
        <setting type="string" name="skin.ccm.helix.AddonSetSix.5.Icon">/storage/.kodi/addons/plugin.video.watchcartoononline/icon.png</setting>
        <setting type="string" name="skin.ccm.helix.AddonSetSix.5.Path">RunAddon(plugin.video.watchcartoononline)</setting>
        <setting type="string" name="skin.ccm.helix.AddonSetSix.6.Label">Disney Junior</setting>
        <setting type="string" name="skin.ccm.helix.AddonSetSix.6.Icon">/storage/.kodi/addons/plugin.video.disneyjunior/icon.png</setting>
        <setting type="string" name="skin.ccm.helix.AddonSetSix.6.Path">RunAddon(plugin.video.disneyjunior)</setting>
        <setting type="string" name="skin.ccm.helix.AddonSetSix.7.Label"></setting>
        <setting type="string" name="skin.ccm.helix.AddonSetSix.7.Icon"></setting>
        <setting type="string" name="skin.ccm.helix.AddonSetSix.7.Path">RunAddon()</setting>
        <setting type="string" name="skin.ccm.helix.AddonSetSeven.1.Label">9GAG.TV</setting>
        <setting type="string" name="skin.ccm.helix.AddonSetSeven.1.Icon">/storage/.kodi/addons/plugin.video.9gagtv/icon.png</setting>
        <setting type="string" name="skin.ccm.helix.AddonSetSeven.1.Path">RunAddon(plugin.video.9gagtv)</setting>
        <setting type="string" name="skin.ccm.helix.AddonSetSeven.2.Label">Americas Test Kitchen</setting>
        <setting type="string" name="skin.ccm.helix.AddonSetSeven.2.Icon">/storage/.kodi/addons/plugin.video.atk-0.0.6/icon.png</setting>
        <setting type="string" name="skin.ccm.helix.AddonSetSeven.2.Path">RunAddon(plugin.video.atk)</setting>
        <setting type="string" name="skin.ccm.helix.AddonSetSeven.3.Label">Betty&apos;s Kitchen</setting>
        <setting type="string" name="skin.ccm.helix.AddonSetSeven.3.Icon">/storage/.kodi/addons/plugin.video.bettyskitchen/icon.png</setting>
        <setting type="string" name="skin.ccm.helix.AddonSetSeven.3.Path">RunAddon(plugin.video.bettyskitchen)</setting>
        <setting type="string" name="skin.ccm.helix.AddonSetSeven.4.Label">Break.com</setting>
        <setting type="string" name="skin.ccm.helix.AddonSetSeven.4.Icon">/storage/.kodi/addons/plugin.video.break_com/icon.png</setting>
        <setting type="string" name="skin.ccm.helix.AddonSetSeven.4.Path">RunAddon(plugin.video.break_com)</setting>
        <setting type="string" name="skin.ccm.helix.AddonSetSeven.5.Label">MX BBC Player</setting>
        <setting type="string" name="skin.ccm.helix.AddonSetSeven.5.Icon">/storage/.kodi/addons/plugin.video.mxbbc/icon.png</setting>
        <setting type="string" name="skin.ccm.helix.AddonSetSeven.5.Path">RunAddon(plugin.video.mxbbc)</setting>
        <setting type="string" name="skin.ccm.helix.AddonSetSeven.6.Label">Victoria&apos;s Secret</setting>
        <setting type="string" name="skin.ccm.helix.AddonSetSeven.6.Icon">/storage/.kodi/addons/plugin.video.VICTORIASSECRET/icon.png</setting>
        <setting type="string" name="skin.ccm.helix.AddonSetSeven.6.Path">RunAddon(plugin.video.VICTORIASSECRET)</setting>
        <setting type="string" name="skin.ccm.helix.AddonSetSeven.7.Label">BBC iPlayer</setting>
        <setting type="string" name="skin.ccm.helix.AddonSetSeven.7.Icon">/storage/.kodi/addons/plugin.video.bbciplayer/icon.png</setting>
        <setting type="string" name="skin.ccm.helix.AddonSetSeven.7.Path">RunAddon(plugin.video.bbciplayer)</setting>
        <setting type="string" name="skin.ccm.helix.AddonSetEight.1.Label">Entertainment [COLOR dodgerblue][B]HUB[/B][/COLOR]</setting>
        <setting type="string" name="skin.ccm.helix.AddonSetEight.1.Icon">/storage/.kodi/addons/plugin.video.allinone/icon.png</setting>
        <setting type="string" name="skin.ccm.helix.AddonSetEight.1.Path">RunAddon(plugin.video.allinone)</setting>
        <setting type="string" name="skin.ccm.helix.AddonSetEight.2.Label">MX RTE Player</setting>
        <setting type="string" name="skin.ccm.helix.AddonSetEight.2.Icon">/storage/.kodi/addons/plugin.video.mxrte/icon.png</setting>
        <setting type="string" name="skin.ccm.helix.AddonSetEight.2.Path">RunAddon(plugin.video.mxrte)</setting>
        <setting type="string" name="skin.ccm.helix.AddonSetEight.3.Label">Navi-X</setting>
        <setting type="string" name="skin.ccm.helix.AddonSetEight.3.Icon">/storage/.kodi/addons/script.navi-x/icon.png</setting>
        <setting type="string" name="skin.ccm.helix.AddonSetEight.3.Path">RunAddon(script.navi-x)</setting>
        <setting type="string" name="skin.ccm.helix.AddonSetEight.4.Label">OpenELEC Configuration</setting>
        <setting type="string" name="skin.ccm.helix.AddonSetEight.4.Icon">/usr/share/kodi/addons/service.openelec.settings/icon.png</setting>
        <setting type="string" name="skin.ccm.helix.AddonSetEight.4.Path">RunAddon(service.openelec.settings)</setting>
        <setting type="string" name="skin.ccm.helix.AddonSetEight.5.Label">XBMCtorrent</setting>
        <setting type="string" name="skin.ccm.helix.AddonSetEight.5.Icon">/storage/.kodi/addons/plugin.video.xbmctorrent/icon.png</setting>
        <setting type="string" name="skin.ccm.helix.AddonSetEight.5.Path">RunAddon(plugin.video.xbmctorrent)</setting>
        <setting type="string" name="skin.ccm.helix.AddonSetEight.6.Label">Pulsar</setting>
        <setting type="string" name="skin.ccm.helix.AddonSetEight.6.Icon">/storage/.kodi/addons/plugin.video.pulsar/icon.png</setting>
        <setting type="string" name="skin.ccm.helix.AddonSetEight.6.Path">RunAddon(plugin.video.pulsar)</setting>
        <setting type="string" name="skin.ccm.helix.AddonSetEight.7.Label"></setting>
        <setting type="string" name="skin.ccm.helix.AddonSetEight.7.Icon"></setting>
        <setting type="string" name="skin.ccm.helix.AddonSetEight.7.Path"></setting>
        <setting type="string" name="skin.ccm.helix.AddonSetNine.1.Label"></setting>
        <setting type="string" name="skin.ccm.helix.AddonSetNine.1.Icon"></setting>
        <setting type="string" name="skin.ccm.helix.AddonSetNine.1.Path"></setting>
        <setting type="string" name="skin.ccm.helix.AddonSetNine.2.Label"></setting>
        <setting type="string" name="skin.ccm.helix.AddonSetNine.2.Icon"></setting>
        <setting type="string" name="skin.ccm.helix.AddonSetNine.2.Path"></setting>
        <setting type="string" name="skin.ccm.helix.AddonSetNine.3.Label"></setting>
        <setting type="string" name="skin.ccm.helix.AddonSetNine.3.Icon"></setting>
        <setting type="string" name="skin.ccm.helix.AddonSetNine.3.Path"></setting>
        <setting type="string" name="skin.ccm.helix.AddonSetNine.4.Label"></setting>
        <setting type="string" name="skin.ccm.helix.AddonSetNine.4.Icon"></setting>
        <setting type="string" name="skin.ccm.helix.AddonSetNine.4.Path"></setting>
        <setting type="string" name="skin.ccm.helix.AddonSetNine.5.Label"></setting>
        <setting type="string" name="skin.ccm.helix.AddonSetNine.5.Icon"></setting>
        <setting type="string" name="skin.ccm.helix.AddonSetNine.5.Path"></setting>
        <setting type="string" name="skin.ccm.helix.AddonSetNine.6.Label"></setting>
        <setting type="string" name="skin.ccm.helix.AddonSetNine.6.Icon"></setting>
        <setting type="string" name="skin.ccm.helix.AddonSetNine.6.Path"></setting>
        <setting type="string" name="skin.ccm.helix.AddonSetNine.7.Label"></setting>
        <setting type="string" name="skin.ccm.helix.AddonSetNine.7.Icon"></setting>
        <setting type="string" name="skin.ccm.helix.AddonSetNine.7.Path"></setting>
        <setting type="string" name="skin.ccm.helix.AddonSetTen.1.Label"></setting>
        <setting type="string" name="skin.ccm.helix.AddonSetTen.1.Icon"></setting>
        <setting type="string" name="skin.ccm.helix.AddonSetTen.1.Path"></setting>
        <setting type="string" name="skin.ccm.helix.AddonSetTen.2.Label"></setting>
        <setting type="string" name="skin.ccm.helix.AddonSetTen.2.Icon"></setting>
        <setting type="string" name="skin.ccm.helix.AddonSetTen.2.Path"></setting>
        <setting type="string" name="skin.ccm.helix.AddonSetTen.3.Label"></setting>
        <setting type="string" name="skin.ccm.helix.AddonSetTen.3.Icon"></setting>
        <setting type="string" name="skin.ccm.helix.AddonSetTen.3.Path"></setting>
        <setting type="string" name="skin.ccm.helix.AddonSetTen.4.Label"></setting>
        <setting type="string" name="skin.ccm.helix.AddonSetTen.4.Icon"></setting>
        <setting type="string" name="skin.ccm.helix.AddonSetTen.4.Path"></setting>
        <setting type="string" name="skin.ccm.helix.AddonSetTen.5.Label"></setting>
        <setting type="string" name="skin.ccm.helix.AddonSetTen.5.Icon"></setting>
        <setting type="string" name="skin.ccm.helix.AddonSetTen.5.Path"></setting>
        <setting type="string" name="skin.ccm.helix.AddonSetTen.6.Label"></setting>
        <setting type="string" name="skin.ccm.helix.AddonSetTen.6.Icon"></setting>
        <setting type="string" name="skin.ccm.helix.AddonSetTen.6.Path"></setting>
        <setting type="string" name="skin.ccm.helix.AddonSetTen.7.Label"></setting>
        <setting type="string" name="skin.ccm.helix.AddonSetTen.7.Icon"></setting>
        <setting type="string" name="skin.ccm.helix.AddonSetTen.7.Path"></setting>
        <setting type="string" name="skin.ccm.helix.AddonSetEleven.1.Label"></setting>
        <setting type="string" name="skin.ccm.helix.AddonSetEleven.1.Icon"></setting>
        <setting type="string" name="skin.ccm.helix.AddonSetEleven.1.Path"></setting>
        <setting type="string" name="skin.ccm.helix.AddonSetEleven.2.Label"></setting>
        <setting type="string" name="skin.ccm.helix.AddonSetEleven.2.Icon"></setting>
        <setting type="string" name="skin.ccm.helix.AddonSetEleven.2.Path"></setting>
        <setting type="string" name="skin.ccm.helix.AddonSetEleven.3.Label"></setting>
        <setting type="string" name="skin.ccm.helix.AddonSetEleven.3.Icon"></setting>
        <setting type="string" name="skin.ccm.helix.AddonSetEleven.3.Path"></setting>
        <setting type="string" name="skin.ccm.helix.AddonSetEleven.4.Label"></setting>
        <setting type="string" name="skin.ccm.helix.AddonSetEleven.4.Icon"></setting>
        <setting type="string" name="skin.ccm.helix.AddonSetEleven.4.Path"></setting>
        <setting type="string" name="skin.ccm.helix.AddonSetEleven.5.Label"></setting>
        <setting type="string" name="skin.ccm.helix.AddonSetEleven.5.Icon"></setting>
        <setting type="string" name="skin.ccm.helix.AddonSetEleven.5.Path"></setting>
        <setting type="string" name="skin.ccm.helix.AddonSetEleven.6.Label"></setting>
        <setting type="string" name="skin.ccm.helix.AddonSetEleven.6.Icon"></setting>
        <setting type="string" name="skin.ccm.helix.AddonSetEleven.6.Path"></setting>
        <setting type="string" name="skin.ccm.helix.AddonSetEleven.7.Label"></setting>
        <setting type="string" name="skin.ccm.helix.AddonSetEleven.7.Icon"></setting>
        <setting type="string" name="skin.ccm.helix.AddonSetEleven.7.Path"></setting>
        <setting type="string" name="skin.ccm.helix.AddonSetTwelve.1.Label"></setting>
        <setting type="string" name="skin.ccm.helix.AddonSetTwelve.1.Icon"></setting>
        <setting type="string" name="skin.ccm.helix.AddonSetTwelve.1.Path"></setting>
        <setting type="string" name="skin.ccm.helix.AddonSetTwelve.2.Label"></setting>
        <setting type="string" name="skin.ccm.helix.AddonSetTwelve.2.Icon"></setting>
        <setting type="string" name="skin.ccm.helix.AddonSetTwelve.2.Path"></setting>
        <setting type="string" name="skin.ccm.helix.AddonSetTwelve.3.Label"></setting>
        <setting type="string" name="skin.ccm.helix.AddonSetTwelve.3.Icon"></setting>
        <setting type="string" name="skin.ccm.helix.AddonSetTwelve.3.Path"></setting>
        <setting type="string" name="skin.ccm.helix.AddonSetTwelve.4.Label"></setting>
        <setting type="string" name="skin.ccm.helix.AddonSetTwelve.4.Icon"></setting>
        <setting type="string" name="skin.ccm.helix.AddonSetTwelve.4.Path"></setting>
        <setting type="string" name="skin.ccm.helix.AddonSetTwelve.5.Label"></setting>
        <setting type="string" name="skin.ccm.helix.AddonSetTwelve.5.Icon"></setting>
        <setting type="string" name="skin.ccm.helix.AddonSetTwelve.5.Path"></setting>
        <setting type="string" name="skin.ccm.helix.AddonSetTwelve.6.Label"></setting>
        <setting type="string" name="skin.ccm.helix.AddonSetTwelve.6.Icon"></setting>
        <setting type="string" name="skin.ccm.helix.AddonSetTwelve.6.Path"></setting>
        <setting type="string" name="skin.ccm.helix.AddonSetTwelve.7.Label"></setting>
        <setting type="string" name="skin.ccm.helix.AddonSetTwelve.7.Icon"></setting>
        <setting type="string" name="skin.ccm.helix.AddonSetTwelve.7.Path"></setting>
        <setting type="string" name="skin.ccm.helix.WOLPingTimer"></setting>
        <setting type="string" name="skin.ccm.helix.PingMacAddr"></setting>
        <setting type="string" name="skin.ccm.helix.HomeItem.1.Playlist"></setting>
        <setting type="string" name="skin.ccm.helix.HomeItem.2.Playlist"></setting>
        <setting type="string" name="skin.ccm.helix.HomeItem.3.Playlist"></setting>
        <setting type="string" name="skin.ccm.helix.HomeItem.4.Playlist"></setting>
        <setting type="string" name="skin.ccm.helix.HomeItem.5.Playlist"></setting>
        <setting type="string" name="skin.ccm.helix.HomeItem.6.Playlist"></setting>
        <setting type="string" name="skin.ccm.helix.HomeItem.7.Playlist"></setting>
        <setting type="string" name="skin.ccm.helix.HomeItem.8.Playlist"></setting>
        <setting type="string" name="skin.ccm.helix.HomeItem.9.Playlist"></setting>
        <setting type="string" name="skin.ccm.helix.HomeItem.10.Playlist"></setting>
        <setting type="string" name="skin.ccm.helix.HomeItem.11.Playlist"></setting>
        <setting type="string" name="skin.ccm.helix.HomeItem.12.Playlist"></setting>
        <setting type="string" name="skin.ccm.helix.MPAACertificate"></setting>
        <setting type="string" name="skin.ccm.helix.MediaPanelTrans"></setting>
        <setting type="string" name="skin.ccm.helix.MusicOSDInfo"></setting>
        <setting type="string" name="skin.ccm.helix.OSDBtnUsrCmd"></setting>
        <setting type="string" name="skin.ccm.helix.PowerBtnAction"></setting>
        <setting type="string" name="skin.ccm.helix.UsrFavBtnCmd.Label"></setting>
        <setting type="string" name="skin.ccm.helix.UserVideosSubMenu"></setting>
        <setting type="string" name="skin.ccm.helix.UserMoviesSubMenu"></setting>
        <setting type="string" name="skin.ccm.helix.UserTVShowsSubMenu"></setting>
        <setting type="string" name="skin.ccm.helix.UserConcertsSubMenu"></setting>
        <setting type="string" name="skin.ccm.helix.UserMusicSubMenu"></setting>
        <setting type="string" name="skin.ccm.helix.UserProgsSubMenu"></setting>
        <setting type="string" name="skin.ccm.helix.UserPicturesSubMenu"></setting>
        <setting type="string" name="skin.ccm.helix.UserSelectOneSubMenu"></setting>
        <setting type="string" name="skin.ccm.helix.UserSelectTwoSubMenu"></setting>
        <setting type="string" name="skin.ccm.helix.UserRadioSubMenu"></setting>
        <setting type="string" name="skin.ccm.helix.UserSelectAddon.1.Label">videoss</setting>
        <setting type="string" name="skin.ccm.helix.UserSelectAddon.2.Label">adultt</setting>
        <setting type="string" name="skin.ccm.helix.UserSelectAddon.3.Label">musicc</setting>
        <setting type="string" name="skin.ccm.helix.UserSelectAddon.4.Label">Sportss</setting>
        <setting type="string" name="skin.ccm.helix.UserSelectAddon.5.Label">tvv</setting>
        <setting type="string" name="skin.ccm.helix.UserSelectAddon.6.Label">familly</setting>
        <setting type="string" name="skin.ccm.helix.UserSelectAddon.7.Label">programsss</setting>
        <setting type="string" name="skin.ccm.helix.UserSelectAddon.8.Label">systemmm</setting>
        <setting type="string" name="skin.ccm.helix.UserSelectAddon.9.Label"></setting>
        <setting type="string" name="skin.ccm.helix.UserSelectAddon.10.Label"></setting>
        <setting type="string" name="skin.ccm.helix.UserSelectAddon.11.Label"></setting>
        <setting type="string" name="skin.ccm.helix.UserSelectAddon.12.Label"></setting>
        <setting type="string" name="skin.ccm.helix.UserLiveTVSubMenu"></setting>
        <setting type="string" name="skin.ccm.helix.UserSettingsSubMenu"></setting>
        <setting type="string" name="skin.ccm.helix.StartUpBackgroundPath"></setting>
        <setting type="string" name="skin.ccm.helix.UPnP_Name"></setting>
        <setting type="string" name="skin.ccm.helix.StartUpPlaylistPath"></setting>
        <setting type="string" name="skin.ccm.helix.LyricScript_Path"></setting>
        <setting type="string" name="skin.ccm.helix.InitialMenuPosi"></setting>
        <setting type="string" name="skin.ccm.helix.UsrSelectAddon">plugin.audio.housemixes</setting>
        <setting type="string" name="skin.ccm.helix.MediaPopupControl"></setting>
        <setting type="string" name="skin.ccm.helix.UsrFavBtnCmd.Path"></setting>
        <setting type="string" name="skin.ccm.helix.LastVideoPlayed">PlayMedia(&quot;&quot;)</setting>
        <setting type="string" name="skin.ccm.helix.AddonSetThree.2.List">plugin://plugin.video.hellenic.tv/?action=root_radios</setting>
        <setting type="string" name="skin.ccm.helix.AddonSetFour.7.List">plugin://plugin.video.pakindia/?description&amp;iconimage&amp;mode=2&amp;name=Sports&amp;url=%2fstorage%2f.kodi%2fuserdata%2faddon_data%2fplugin.video.pakindia%2fSports</setting>
        <setting type="string" name="skin.ccm.helix.AddonSetSix.1.List">plugin://plugin.video.hellenic.tv/?action=root_cartoons</setting>
        <setting type="string" name="skin.ccm.helix.InitialMenuItem"></setting>
    </skinsettings>
    <resolutions />
    <defaultvideosettings>
        <deinterlacemode>1</deinterlacemode>
        <interlacemethod>1</interlacemethod>
        <scalingmethod>1</scalingmethod>
        <noisereduction>0.000000</noisereduction>
        <postprocess>false</postprocess>
        <sharpness>0.000000</sharpness>
        <viewmode>4</viewmode>
        <zoomamount>1.000000</zoomamount>
        <pixelratio>1.000000</pixelratio>
        <verticalshift>0.000000</verticalshift>
        <volumeamplification>15.000000</volumeamplification>
        <outputtoallspeakers>false</outputtoallspeakers>
        <showsubtitles>true</showsubtitles>
        <brightness>50.000000</brightness>
        <contrast>50.000000</contrast>
        <gamma>20.000000</gamma>
        <audiodelay>0.000000</audiodelay>
        <subtitledelay>0.285717</subtitledelay>
        <autocrop>false</autocrop>
        <nonlinstretch>false</nonlinstretch>
        <stereomode>0</stereomode>
    </defaultvideosettings>
    <viewstates>
        <musicfiles>
            <viewmode>720896</viewmode>
            <sortmethod>1</sortmethod>
            <sortorder>1</sortorder>
            <sortattributes>0</sortattributes>
        </musicfiles>
        <musiclastfm>
            <viewmode>65536</viewmode>
            <sortmethod>1</sortmethod>
            <sortorder>1</sortorder>
            <sortattributes>0</sortattributes>
        </musiclastfm>
        <musicnavalbums>
            <viewmode>65536</viewmode>
            <sortmethod>1</sortmethod>
            <sortorder>1</sortorder>
            <sortattributes>0</sortattributes>
        </musicnavalbums>
        <musicnavartists>
            <viewmode>65536</viewmode>
            <sortmethod>1</sortmethod>
            <sortorder>1</sortorder>
            <sortattributes>0</sortattributes>
        </musicnavartists>
        <musicnavsongs>
            <viewmode>65536</viewmode>
            <sortmethod>1</sortmethod>
            <sortorder>1</sortorder>
            <sortattributes>0</sortattributes>
        </musicnavsongs>
        <pictures>
            <viewmode>720896</viewmode>
            <sortmethod>1</sortmethod>
            <sortorder>1</sortorder>
            <sortattributes>0</sortattributes>
        </pictures>
        <programs>
            <viewmode>720896</viewmode>
            <sortmethod>1</sortmethod>
            <sortorder>1</sortorder>
            <sortattributes>0</sortattributes>
        </programs>
        <videofiles>
            <viewmode>65536</viewmode>
            <sortmethod>1</sortmethod>
            <sortorder>1</sortorder>
            <sortattributes>1</sortattributes>
        </videofiles>
        <videonavactors>
            <viewmode>65536</viewmode>
            <sortmethod>1</sortmethod>
            <sortorder>1</sortorder>
            <sortattributes>0</sortattributes>
        </videonavactors>
        <videonavepisodes>
            <viewmode>720896</viewmode>
            <sortmethod>21</sortmethod>
            <sortorder>1</sortorder>
            <sortattributes>0</sortattributes>
        </videonavepisodes>
        <videonavgenres>
            <viewmode>65536</viewmode>
            <sortmethod>1</sortmethod>
            <sortorder>1</sortorder>
            <sortattributes>0</sortattributes>
        </videonavgenres>
        <videonavmusicvideos>
            <viewmode>65536</viewmode>
            <sortmethod>1</sortmethod>
            <sortorder>1</sortorder>
            <sortattributes>0</sortattributes>
        </videonavmusicvideos>
        <videonavseasons>
            <viewmode>65536</viewmode>
            <sortmethod>1</sortmethod>
            <sortorder>1</sortorder>
            <sortattributes>0</sortattributes>
        </videonavseasons>
        <videonavtitles>
            <viewmode>65536</viewmode>
            <sortmethod>1</sortmethod>
            <sortorder>1</sortorder>
            <sortattributes>0</sortattributes>
        </videonavtitles>
        <videonavtvshows>
            <viewmode>65536</viewmode>
            <sortmethod>1</sortmethod>
            <sortorder>1</sortorder>
            <sortattributes>0</sortattributes>
        </videonavtvshows>
        <videonavyears>
            <viewmode>65536</viewmode>
            <sortmethod>1</sortmethod>
            <sortorder>1</sortorder>
            <sortattributes>0</sortattributes>
        </videonavyears>
    </viewstates>
    <audio>
        <mute>false</mute>
        <fvolumelevel>1.000000</fvolumelevel>
    </audio>
</settings>
