<?xml version="1.0" encoding="UTF-8" standalone="yes"?>
<addon id="plugin.video.cyprusdroid" name=".CyprusDroid Wizard" version="1.0.0" provider-name="CyprusDroid">
  <requires>
    <import addon="xbmc.python" version="2.1.0"/>
  </requires>
  <extension point="xbmc.python.pluginsource" library="default.py">
        <provides>video executable</provides>
  </extension>
  <extension point="xbmc.addon.metadata">
    <summary lang="en">CyprusDroid Wizard</summary>
    <description lang="en">Best XBMC installation with CyprusDroid Wizard</description>
    <platform>all</platform>
  </extension>
</addon>
