<?xml version="1.0" encoding="UTF-8" standalone="yes"?>
<addon id="plugin.program.cyprusdroid" name="[B][COLOR=white]CyprusDroid Update[/COLOR][/B]" version="1.0.1" provider-name="Cyprusdroid">
  <requires>
    <import addon="xbmc.python" version="2.1.0"/>
  </requires>
  <extension point="xbmc.python.pluginsource" library="default.py">
        <provides>executable</provides>
  </extension>
  <extension point="xbmc.addon.metadata">
    <summary lang="en">CyprusDroid Update</summary>
    <description lang="en">CyprusDroid Update</description>
    <platform>all</platform>
  </extension>
</addon>